dataset,config,n_runs,mean_acc,std_acc,mean_bd,std_bd
wine,demes_10_mr10_freq1,30,0.9156,0.0549,0.0921,0.0425
wine,demes_10_mr10_freq10,30,0.9044,0.0474,0.1661,0.0425
wine,demes_10_mr10_freq25,30,0.9222,0.0401,0.1645,0.0308
wine,demes_10_mr10_freq5,30,0.9207,0.0493,0.1375,0.0398
wine,demes_10_mr15_freq1,30,0.9244,0.0458,0.0698,0.0478
wine,demes_10_mr15_freq10,30,0.9037,0.0415,0.1177,0.0344
wine,demes_10_mr15_freq25,30,0.9067,0.0518,0.14,0.0301
wine,demes_10_mr15_freq5,30,0.9156,0.0464,0.1,0.0541
wine,demes_10_mr2_freq1,30,0.9119,0.0457,0.1253,0.0407
wine,demes_10_mr2_freq10,30,0.9133,0.0403,0.233,0.0377
wine,demes_10_mr2_freq25,30,0.9119,0.0478,0.2366,0.0343
wine,demes_10_mr2_freq5,30,0.9022,0.0598,0.2163,0.0556
wine,demes_10_mr5_freq1,30,0.9215,0.0499,0.135,0.0548
wine,demes_10_mr5_freq10,30,0.9133,0.0407,0.2103,0.0433
wine,demes_10_mr5_freq25,30,0.9104,0.0508,0.2171,0.0346
wine,demes_10_mr5_freq5,30,0.9215,0.0392,0.2016,0.0615
wine,demes_15_mr10_freq1,30,0.92,0.0502,0.1109,0.0637
wine,demes_15_mr10_freq10,30,0.9015,0.0604,0.1755,0.0401
wine,demes_15_mr10_freq25,30,0.9037,0.06,0.213,0.035
wine,demes_15_mr10_freq5,30,0.9081,0.0534,0.1719,0.0478
wine,demes_15_mr15_freq1,30,0.9193,0.0512,0.0871,0.0571
wine,demes_15_mr15_freq10,30,0.9096,0.0618,0.1395,0.0363
wine,demes_15_mr15_freq25,30,0.9067,0.0488,0.1747,0.0233
wine,demes_15_mr15_freq5,30,0.9163,0.0432,0.1321,0.053
wine,demes_15_mr2_freq1,30,0.9237,0.0506,0.1545,0.0622
wine,demes_15_mr2_freq10,30,0.9059,0.0546,0.226,0.0409
wine,demes_15_mr2_freq25,30,0.9022,0.0543,0.2589,0.0314
wine,demes_15_mr2_freq5,30,0.9044,0.0616,0.2183,0.044
wine,demes_15_mr5_freq1,30,0.9074,0.0554,0.1318,0.0417
wine,demes_15_mr5_freq10,30,0.9074,0.0526,0.2117,0.0411
wine,demes_15_mr5_freq25,30,0.8985,0.0534,0.2361,0.0348
wine,demes_15_mr5_freq5,30,0.9104,0.0464,0.1827,0.0353
wine,demes_5_mr10_freq1,30,0.9141,0.0447,0.0745,0.041
wine,demes_5_mr10_freq10,30,0.9089,0.0485,0.1134,0.0569
wine,demes_5_mr10_freq25,30,0.9015,0.0506,0.1333,0.0363
wine,demes_5_mr10_freq5,30,0.9259,0.0438,0.0872,0.0536
wine,demes_5_mr15_freq1,30,0.9104,0.0387,0.044,0.0219
wine,demes_5_mr15_freq10,30,0.9119,0.0584,0.0776,0.0377
wine,demes_5_mr15_freq25,30,0.9007,0.0534,0.0998,0.0313
wine,demes_5_mr15_freq5,30,0.9222,0.044,0.0626,0.04
wine,demes_5_mr2_freq1,30,0.9074,0.05,0.1268,0.0475
wine,demes_5_mr2_freq10,30,0.9111,0.0433,0.1809,0.0496
wine,demes_5_mr2_freq25,30,0.9081,0.0483,0.199,0.0419
wine,demes_5_mr2_freq5,30,0.92,0.0392,0.1636,0.0551
wine,demes_5_mr5_freq1,30,0.9104,0.0446,0.0989,0.0541
wine,demes_5_mr5_freq10,30,0.9178,0.0394,0.1571,0.0526
wine,demes_5_mr5_freq25,30,0.9074,0.0487,0.1663,0.0401
wine,demes_5_mr5_freq5,30,0.9156,0.0446,0.1285,0.0486
wine,tournament,30,0.9111,0.0523,0.1236,0.0357
iris,demes_10_mr10_freq1,30,0.9544,0.0296,0.0307,0.0242
iris,demes_10_mr10_freq10,30,0.9553,0.0312,0.0625,0.0247
iris,demes_10_mr10_freq25,30,0.9535,0.0278,0.0786,0.0221
iris,demes_10_mr10_freq5,30,0.9535,0.0324,0.0505,0.025
iris,demes_10_mr15_freq1,30,0.9526,0.0299,0.0273,0.0243
iris,demes_10_mr15_freq10,30,0.9526,0.0329,0.0427,0.0146
iris,demes_10_mr15_freq25,30,0.9526,0.0291,0.0602,0.016
iris,demes_10_mr15_freq5,30,0.9526,0.0314,0.0375,0.0188
iris,demes_10_mr2_freq1,30,0.9553,0.0297,0.0595,0.0298
iris,demes_10_mr2_freq10,30,0.957,0.0308,0.1002,0.0232
iris,demes_10_mr2_freq25,30,0.9553,0.0297,0.1226,0.0247
iris,demes_10_mr2_freq5,30,0.9526,0.0307,0.0948,0.0285
iris,demes_10_mr5_freq1,30,0.9561,0.0299,0.054,0.0287
iris,demes_10_mr5_freq10,30,0.9561,0.0283,0.0948,0.0222
iris,demes_10_mr5_freq25,30,0.95,0.0299,0.1033,0.0263
iris,demes_10_mr5_freq5,30,0.9544,0.0303,0.0781,0.0296
iris,demes_15_mr10_freq1,30,0.9544,0.028,0.0406,0.0212
iris,demes_15_mr10_freq10,30,0.9553,0.0312,0.0768,0.0211
iris,demes_15_mr10_freq25,30,0.9518,0.0289,0.0965,0.0208
iris,demes_15_mr10_freq5,30,0.9561,0.0306,0.0665,0.0218
iris,demes_15_mr15_freq1,30,0.9579,0.0277,0.0312,0.0205
iris,demes_15_mr15_freq10,30,0.9544,0.028,0.0588,0.0196
iris,demes_15_mr15_freq25,30,0.9535,0.0309,0.0788,0.0176
iris,demes_15_mr15_freq5,30,0.9509,0.0302,0.0489,0.0213
iris,demes_15_mr2_freq1,30,0.9544,0.0296,0.0713,0.0416
iris,demes_15_mr2_freq10,30,0.9518,0.0333,0.1077,0.0266
iris,demes_15_mr2_freq25,30,0.9526,0.0299,0.1204,0.0168
iris,demes_15_mr2_freq5,30,0.9518,0.0326,0.0911,0.0232
iris,demes_15_mr5_freq1,30,0.9553,0.0297,0.0513,0.0224
iris,demes_15_mr5_freq10,30,0.9509,0.0338,0.0925,0.0192
iris,demes_15_mr5_freq25,30,0.9535,0.0301,0.1125,0.0237
iris,demes_15_mr5_freq5,30,0.9535,0.0309,0.0822,0.0251
iris,demes_5_mr10_freq1,30,0.9509,0.0278,0.0301,0.0303
iris,demes_5_mr10_freq10,30,0.957,0.0292,0.0467,0.0186
iris,demes_5_mr10_freq25,30,0.9544,0.0311,0.0549,0.0234
iris,demes_5_mr10_freq5,30,0.9544,0.0303,0.036,0.0231
iris,demes_5_mr15_freq1,30,0.9579,0.0277,0.0241,0.0229
iris,demes_5_mr15_freq10,30,0.9553,0.0281,0.0291,0.0195
iris,demes_5_mr15_freq25,30,0.9553,0.0289,0.0443,0.0193
iris,demes_5_mr15_freq5,30,0.9561,0.0314,0.0265,0.0183
iris,demes_5_mr2_freq1,30,0.9526,0.0336,0.0499,0.0282
iris,demes_5_mr2_freq10,30,0.9588,0.0301,0.0795,0.0296
iris,demes_5_mr2_freq25,30,0.9579,0.0301,0.0903,0.0237
iris,demes_5_mr2_freq5,30,0.9561,0.0291,0.0655,0.0245
iris,demes_5_mr5_freq1,30,0.9544,0.0325,0.0472,0.0283
iris,demes_5_mr5_freq10,30,0.9561,0.0328,0.0615,0.0234
iris,demes_5_mr5_freq25,30,0.9553,0.0289,0.0757,0.0233
iris,demes_5_mr5_freq5,30,0.9561,0.0291,0.0509,0.023
iris,tournament,30,0.9553,0.0305,0.0622,0.0252
australian,demes_10_mr10_freq1,30,0.8581,0.0199,0.0623,0.0609
australian,demes_10_mr10_freq10,30,0.8562,0.0219,0.0677,0.0463
australian,demes_10_mr10_freq25,30,0.8545,0.0211,0.0837,0.0365
australian,demes_10_mr10_freq5,30,0.8558,0.0231,0.0719,0.0579
australian,demes_10_mr15_freq1,30,0.8554,0.0198,0.0402,0.0507
australian,demes_10_mr15_freq10,30,0.8578,0.0203,0.0567,0.0465
australian,demes_10_mr15_freq25,30,0.8585,0.021,0.0663,0.0332
australian,demes_10_mr15_freq5,30,0.855,0.0206,0.0485,0.0462
australian,demes_10_mr2_freq1,30,0.8556,0.0214,0.1256,0.0864
australian,demes_10_mr2_freq10,30,0.8562,0.0213,0.1067,0.0535
australian,demes_10_mr2_freq25,30,0.8583,0.025,0.1179,0.0363
australian,demes_10_mr2_freq5,30,0.8533,0.0232,0.1127,0.0718
australian,demes_10_mr5_freq1,30,0.8552,0.0223,0.0889,0.0594
australian,demes_10_mr5_freq10,30,0.8562,0.0223,0.0919,0.0538
australian,demes_10_mr5_freq25,30,0.8558,0.023,0.1059,0.0416
australian,demes_10_mr5_freq5,30,0.8556,0.0226,0.1257,0.0826
australian,demes_15_mr10_freq1,30,0.8562,0.0205,0.0947,0.0883
australian,demes_15_mr10_freq10,30,0.8535,0.0185,0.0569,0.0301
australian,demes_15_mr10_freq25,30,0.8552,0.0211,0.0995,0.0366
australian,demes_15_mr10_freq5,30,0.8535,0.0218,0.0717,0.0446
australian,demes_15_mr15_freq1,30,0.8552,0.0199,0.0483,0.0441
australian,demes_15_mr15_freq10,30,0.8543,0.0202,0.0549,0.0313
australian,demes_15_mr15_freq25,30,0.8554,0.0207,0.0782,0.0288
australian,demes_15_mr15_freq5,30,0.8576,0.0205,0.0576,0.0446
australian,demes_15_mr2_freq1,30,0.8568,0.0211,0.111,0.1028
australian,demes_15_mr2_freq10,30,0.856,0.0206,0.1038,0.0471
australian,demes_15_mr2_freq25,30,0.8533,0.0229,0.1222,0.0342
australian,demes_15_mr2_freq5,30,0.8564,0.0205,0.0957,0.0649
australian,demes_15_mr5_freq1,30,0.8564,0.025,0.0837,0.0599
australian,demes_15_mr5_freq10,30,0.8517,0.0244,0.0894,0.0408
australian,demes_15_mr5_freq25,30,0.8519,0.0212,0.103,0.0313
australian,demes_15_mr5_freq5,30,0.856,0.0224,0.0865,0.0606
australian,demes_5_mr10_freq1,30,0.8527,0.0198,0.039,0.0333
australian,demes_5_mr10_freq10,30,0.8556,0.0214,0.0782,0.0626
australian,demes_5_mr10_freq25,30,0.8562,0.0208,0.0655,0.0472
australian,demes_5_mr10_freq5,30,0.8579,0.0192,0.0803,0.0714
australian,demes_5_mr15_freq1,30,0.855,0.0223,0.0431,0.0535
australian,demes_5_mr15_freq10,30,0.8595,0.0237,0.0517,0.0474
australian,demes_5_mr15_freq25,30,0.856,0.0196,0.0475,0.04
australian,demes_5_mr15_freq5,30,0.8545,0.0207,0.047,0.0513
australian,demes_5_mr2_freq1,30,0.8552,0.0204,0.0732,0.0632
australian,demes_5_mr2_freq10,30,0.8601,0.0197,0.1026,0.0596
australian,demes_5_mr2_freq25,30,0.8585,0.022,0.0951,0.0492
australian,demes_5_mr2_freq5,30,0.8587,0.0211,0.0883,0.0679
australian,demes_5_mr5_freq1,30,0.855,0.0218,0.0789,0.0657
australian,demes_5_mr5_freq10,30,0.857,0.021,0.0845,0.0586
australian,demes_5_mr5_freq25,30,0.8579,0.0219,0.0823,0.0497
australian,demes_5_mr5_freq5,30,0.857,0.0233,0.0871,0.0786
australian,tournament,30,0.8581,0.0232,0.1117,0.1049
pima,demes_10_mr10_freq1,30,0.7552,0.0272,0.2245,0.1068
pima,demes_10_mr10_freq10,30,0.754,0.0303,0.2472,0.0566
pima,demes_10_mr10_freq25,30,0.7517,0.0314,0.2239,0.0402
pima,demes_10_mr10_freq5,30,0.7563,0.0317,0.2725,0.081
pima,demes_10_mr15_freq1,30,0.7533,0.0303,0.1835,0.0664
pima,demes_10_mr15_freq10,30,0.751,0.028,0.2187,0.0491
pima,demes_10_mr15_freq25,30,0.7526,0.0337,0.1873,0.0455
pima,demes_10_mr15_freq5,30,0.7533,0.028,0.2145,0.0679
pima,demes_10_mr2_freq1,30,0.7521,0.0296,0.3247,0.1169
pima,demes_10_mr2_freq10,30,0.7533,0.0295,0.3323,0.0698
pima,demes_10_mr2_freq25,30,0.7564,0.0306,0.29,0.0603
pima,demes_10_mr2_freq5,30,0.7521,0.0276,0.3588,0.1008
pima,demes_10_mr5_freq1,30,0.7536,0.032,0.2736,0.0998
pima,demes_10_mr5_freq10,30,0.7575,0.0287,0.3424,0.0526
pima,demes_10_mr5_freq25,30,0.7547,0.0296,0.2748,0.0553
pima,demes_10_mr5_freq5,30,0.7547,0.0306,0.3481,0.0751
pima,demes_15_mr10_freq1,30,0.7566,0.0259,0.2293,0.1054
pima,demes_15_mr10_freq10,30,0.7502,0.0267,0.2758,0.0482
pima,demes_15_mr10_freq25,30,0.7526,0.0297,0.2521,0.041
pima,demes_15_mr10_freq5,30,0.7523,0.0295,0.2882,0.068
pima,demes_15_mr15_freq1,30,0.7557,0.0313,0.2122,0.0868
pima,demes_15_mr15_freq10,30,0.7497,0.0273,0.2261,0.0482
pima,demes_15_mr15_freq25,30,0.7486,0.0291,0.2008,0.0373
pima,demes_15_mr15_freq5,30,0.7521,0.0296,0.2232,0.0653
pima,demes_15_mr2_freq1,30,0.7575,0.0301,0.3196,0.1148
pima,demes_15_mr2_freq10,30,0.7519,0.0294,0.3321,0.0555
pima,demes_15_mr2_freq25,30,0.7524,0.0321,0.3044,0.0392
pima,demes_15_mr2_freq5,30,0.7542,0.0283,0.3549,0.0713
pima,demes_15_mr5_freq1,30,0.7523,0.0289,0.2607,0.0943
pima,demes_15_mr5_freq10,30,0.7523,0.0321,0.2947,0.052
pima,demes_15_mr5_freq25,30,0.749,0.0285,0.2728,0.0464
pima,demes_15_mr5_freq5,30,0.7514,0.027,0.3084,0.0831
pima,demes_5_mr10_freq1,30,0.7524,0.0282,0.1862,0.0848
pima,demes_5_mr10_freq10,30,0.7538,0.0304,0.2892,0.0846
pima,demes_5_mr10_freq25,30,0.7554,0.0309,0.2392,0.0561
pima,demes_5_mr10_freq5,30,0.7559,0.0268,0.2716,0.0866
pima,demes_5_mr15_freq1,30,0.7535,0.0319,0.1424,0.088
pima,demes_5_mr15_freq10,30,0.758,0.0276,0.2265,0.0696
pima,demes_5_mr15_freq25,30,0.7571,0.0302,0.195,0.071
pima,demes_5_mr15_freq5,30,0.7528,0.0291,0.2025,0.0944
pima,demes_5_mr2_freq1,30,0.7559,0.0291,0.2664,0.121
pima,demes_5_mr2_freq10,30,0.7569,0.0288,0.3311,0.0889
pima,demes_5_mr2_freq25,30,0.7573,0.0294,0.3211,0.0726
pima,demes_5_mr2_freq5,30,0.7549,0.0257,0.3715,0.1033
pima,demes_5_mr5_freq1,30,0.7519,0.0287,0.2463,0.1243
pima,demes_5_mr5_freq10,30,0.7566,0.031,0.3393,0.0995
pima,demes_5_mr5_freq25,30,0.7543,0.0304,0.2867,0.0742
pima,demes_5_mr5_freq5,30,0.7543,0.03,0.2762,0.0929
pima,tournament,30,0.7542,0.0303,0.3083,0.1071
heartDisease,demes_10_mr10_freq1,30,0.82,0.0372,0.1585,0.097
heartDisease,demes_10_mr10_freq10,30,0.8031,0.0394,0.2415,0.0503
heartDisease,demes_10_mr10_freq25,30,0.8067,0.0428,0.2471,0.0401
heartDisease,demes_10_mr10_freq5,30,0.8138,0.0372,0.2235,0.0645
heartDisease,demes_10_mr15_freq1,30,0.816,0.0402,0.1323,0.0625
heartDisease,demes_10_mr15_freq10,30,0.8129,0.0447,0.2067,0.0517
heartDisease,demes_10_mr15_freq25,30,0.8027,0.044,0.1977,0.0395
heartDisease,demes_10_mr15_freq5,30,0.8089,0.0333,0.193,0.0539
heartDisease,demes_10_mr2_freq1,30,0.8178,0.037,0.2385,0.1075
heartDisease,demes_10_mr2_freq10,30,0.8116,0.0317,0.3197,0.07
heartDisease,demes_10_mr2_freq25,30,0.8058,0.0456,0.3092,0.0504
heartDisease,demes_10_mr2_freq5,30,0.8107,0.0517,0.3208,0.0933
heartDisease,demes_10_mr5_freq1,30,0.8213,0.0373,0.2007,0.0895
heartDisease,demes_10_mr5_freq10,30,0.8084,0.0428,0.2867,0.0508
heartDisease,demes_10_mr5_freq25,30,0.796,0.0377,0.2854,0.0579
heartDisease,demes_10_mr5_freq5,30,0.82,0.0423,0.2873,0.0766
heartDisease,demes_15_mr10_freq1,30,0.8164,0.038,0.1958,0.0749
heartDisease,demes_15_mr10_freq10,30,0.8009,0.0364,0.2787,0.0532
heartDisease,demes_15_mr10_freq25,30,0.7902,0.0454,0.2545,0.0508
heartDisease,demes_15_mr10_freq5,30,0.8107,0.0547,0.2739,0.0678
heartDisease,demes_15_mr15_freq1,30,0.8084,0.0419,0.1329,0.0763
heartDisease,demes_15_mr15_freq10,30,0.8084,0.0393,0.2159,0.0635
heartDisease,demes_15_mr15_freq25,30,0.7867,0.0451,0.2127,0.0428
heartDisease,demes_15_mr15_freq5,30,0.8111,0.0329,0.2086,0.0712
heartDisease,demes_15_mr2_freq1,30,0.824,0.0345,0.2337,0.0956
heartDisease,demes_15_mr2_freq10,30,0.8089,0.0353,0.3214,0.0605
heartDisease,demes_15_mr2_freq25,30,0.7991,0.0466,0.3112,0.0521
heartDisease,demes_15_mr2_freq5,30,0.8173,0.0426,0.2967,0.0714
heartDisease,demes_15_mr5_freq1,30,0.8222,0.0393,0.2047,0.0938
heartDisease,demes_15_mr5_freq10,30,0.8102,0.0357,0.2908,0.0625
heartDisease,demes_15_mr5_freq25,30,0.7973,0.0452,0.2765,0.053
heartDisease,demes_15_mr5_freq5,30,0.8253,0.0314,0.2865,0.0635
heartDisease,demes_5_mr10_freq1,30,0.8209,0.0432,0.1633,0.058
heartDisease,demes_5_mr10_freq10,30,0.8129,0.0428,0.211,0.08
heartDisease,demes_5_mr10_freq25,30,0.812,0.0449,0.2217,0.0531
heartDisease,demes_5_mr10_freq5,30,0.8227,0.048,0.2124,0.0964
heartDisease,demes_5_mr15_freq1,30,0.8249,0.0397,0.1173,0.0575
heartDisease,demes_5_mr15_freq10,30,0.824,0.0347,0.1891,0.0808
heartDisease,demes_5_mr15_freq25,30,0.8076,0.0411,0.1762,0.0619
heartDisease,demes_5_mr15_freq5,30,0.8236,0.0452,0.161,0.0809
heartDisease,demes_5_mr2_freq1,30,0.8227,0.0336,0.2259,0.093
heartDisease,demes_5_mr2_freq10,30,0.8169,0.0375,0.277,0.1058
heartDisease,demes_5_mr2_freq25,30,0.8102,0.0472,0.2802,0.0562
heartDisease,demes_5_mr2_freq5,30,0.8204,0.0397,0.2647,0.1134
heartDisease,demes_5_mr5_freq1,30,0.8204,0.0361,0.2091,0.0869
heartDisease,demes_5_mr5_freq10,30,0.8084,0.0484,0.2576,0.1025
heartDisease,demes_5_mr5_freq25,30,0.8178,0.0403,0.2517,0.0687
heartDisease,demes_5_mr5_freq5,30,0.8031,0.0442,0.2371,0.1049
heartDisease,tournament,30,0.8182,0.0345,0.2192,0.0876
