dataset,config,mean_acc_deme,mean_acc_tourn,acc_diff,W_acc,p_acc,sig_acc,mean_bd_deme,mean_bd_tourn,bd_diff,W_bd,p_bd,sig_bd
wine,demes_10_mr10_freq1,0.9156,0.9111,0.0044,111.5,0.6255,=,0.0921,0.1236,-0.0315,93.0,0.0041,-
wine,demes_10_mr10_freq10,0.9044,0.9111,-0.0067,133.0,0.2791,=,0.1661,0.1236,0.0425,62.5,0.0005,+
wine,demes_10_mr10_freq25,0.9222,0.9111,0.0111,91.5,0.4019,=,0.1645,0.1236,0.0409,54.5,0.0003,+
wine,demes_10_mr10_freq5,0.9207,0.9111,0.0096,181.5,0.624,=,0.1375,0.1236,0.0139,133.5,0.1135,=
wine,demes_10_mr15_freq1,0.9244,0.9111,0.0133,130.5,0.1583,=,0.0698,0.1236,-0.0538,37.5,0.0001,-
wine,demes_10_mr15_freq10,0.9037,0.9111,-0.0074,139.0,0.3528,=,0.1177,0.1236,-0.0059,161.5,0.1442,=
wine,demes_10_mr15_freq25,0.9067,0.9111,-0.0044,155.0,0.8394,=,0.14,0.1236,0.0164,120.0,0.035,+
wine,demes_10_mr15_freq5,0.9156,0.9111,0.0044,154.0,0.8187,=,0.1,0.1236,-0.0236,116.0,0.0166,-
wine,demes_10_mr2_freq1,0.9119,0.9111,0.0007,130.5,0.8182,=,0.1253,0.1236,0.0017,227.0,0.9099,=
wine,demes_10_mr2_freq10,0.9133,0.9111,0.0022,132.5,0.867,=,0.233,0.1236,0.1094,0.0,0.0,+
wine,demes_10_mr2_freq25,0.9119,0.9111,0.0007,178.0,0.791,=,0.2366,0.1236,0.113,0.0,0.0,+
wine,demes_10_mr2_freq5,0.9022,0.9111,-0.0089,128.0,0.5291,=,0.2163,0.1236,0.0927,0.0,0.0,+
wine,demes_10_mr5_freq1,0.9215,0.9111,0.0104,114.5,0.3092,=,0.135,0.1236,0.0114,191.5,0.399,=
wine,demes_10_mr5_freq10,0.9133,0.9111,0.0022,155.0,0.6015,=,0.2103,0.1236,0.0867,11.0,0.0,+
wine,demes_10_mr5_freq25,0.9104,0.9111,-0.0007,118.0,0.7822,=,0.2171,0.1236,0.0935,6.0,0.0,+
wine,demes_10_mr5_freq5,0.9215,0.9111,0.0104,124.5,0.3057,=,0.2016,0.1236,0.078,16.5,0.0,+
wine,demes_15_mr10_freq1,0.92,0.9111,0.0089,113.0,0.2886,=,0.1109,0.1236,-0.0127,181.0,0.2895,=
wine,demes_15_mr10_freq10,0.9015,0.9111,-0.0096,139.0,0.3533,=,0.1755,0.1236,0.0519,41.5,0.0001,+
wine,demes_15_mr10_freq25,0.9037,0.9111,-0.0074,143.0,0.408,=,0.213,0.1236,0.0894,9.0,0.0,+
wine,demes_15_mr10_freq5,0.9081,0.9111,-0.003,109.5,0.58,=,0.1719,0.1236,0.0483,41.5,0.0002,+
wine,demes_15_mr15_freq1,0.9193,0.9111,0.0081,74.5,0.4085,=,0.0871,0.1236,-0.0365,95.5,0.0083,-
wine,demes_15_mr15_freq10,0.9096,0.9111,-0.0015,186.5,0.9519,=,0.1395,0.1236,0.0159,146.0,0.122,=
wine,demes_15_mr15_freq25,0.9067,0.9111,-0.0044,120.5,0.5938,=,0.1747,0.1236,0.0511,30.5,0.0,+
wine,demes_15_mr15_freq5,0.9163,0.9111,0.0052,143.5,0.6087,=,0.1321,0.1236,0.0085,189.0,0.5376,=
wine,demes_15_mr2_freq1,0.9237,0.9111,0.0126,113.0,0.181,=,0.1545,0.1236,0.0309,143.5,0.0672,=
wine,demes_15_mr2_freq10,0.9059,0.9111,-0.0052,153.0,0.565,=,0.226,0.1236,0.1024,1.0,0.0,+
wine,demes_15_mr2_freq25,0.9022,0.9111,-0.0089,139.5,0.3595,=,0.2589,0.1236,0.1353,0.0,0.0,+
wine,demes_15_mr2_freq5,0.9044,0.9111,-0.0067,103.5,0.4548,=,0.2183,0.1236,0.0947,0.0,0.0,+
wine,demes_15_mr5_freq1,0.9074,0.9111,-0.0037,173.0,0.9492,=,0.1318,0.1236,0.0082,192.5,0.4106,=
wine,demes_15_mr5_freq10,0.9074,0.9111,-0.0037,142.0,0.5799,=,0.2117,0.1236,0.0881,0.0,0.0,+
wine,demes_15_mr5_freq25,0.8985,0.9111,-0.0126,128.0,0.1422,=,0.2361,0.1236,0.1125,5.0,0.0,+
wine,demes_15_mr5_freq5,0.9104,0.9111,-0.0007,169.0,0.8684,=,0.1827,0.1236,0.0591,31.0,0.0,+
wine,demes_5_mr10_freq1,0.9141,0.9111,0.003,133.5,0.6356,=,0.0745,0.1236,-0.0491,35.5,0.0001,-
wine,demes_5_mr10_freq10,0.9089,0.9111,-0.0022,172.0,0.9291,=,0.1134,0.1236,-0.0102,174.5,0.2329,=
wine,demes_5_mr10_freq25,0.9015,0.9111,-0.0096,116.5,0.2148,=,0.1333,0.1236,0.0097,171.0,0.3146,=
wine,demes_5_mr10_freq5,0.9259,0.9111,0.0148,122.5,0.1769,=,0.0872,0.1236,-0.0364,102.0,0.0073,-
wine,demes_5_mr15_freq1,0.9104,0.9111,-0.0007,149.0,0.9772,=,0.044,0.1236,-0.0796,0.0,0.0,-
wine,demes_5_mr15_freq10,0.9119,0.9111,0.0007,117.5,0.7697,=,0.0776,0.1236,-0.046,27.0,0.0,-
wine,demes_5_mr15_freq25,0.9007,0.9111,-0.0104,84.0,0.2722,=,0.0998,0.1236,-0.0238,93.0,0.0071,-
wine,demes_5_mr15_freq5,0.9222,0.9111,0.0111,93.0,0.1693,=,0.0626,0.1236,-0.061,36.5,0.0001,-
wine,demes_5_mr2_freq1,0.9074,0.9111,-0.0037,143.0,0.5992,=,0.1268,0.1236,0.0032,211.5,0.8968,=
wine,demes_5_mr2_freq10,0.9111,0.9111,0.0,125.0,0.961,=,0.1809,0.1236,0.0573,41.0,0.0001,+
wine,demes_5_mr2_freq25,0.9081,0.9111,-0.003,137.5,0.7205,=,0.199,0.1236,0.0754,8.0,0.0,+
wine,demes_5_mr2_freq5,0.92,0.9111,0.0089,125.5,0.3179,=,0.1636,0.1236,0.04,87.5,0.0049,+
wine,demes_5_mr5_freq1,0.9104,0.9111,-0.0007,136.5,0.9635,=,0.0989,0.1236,-0.0247,121.5,0.0224,-
wine,demes_5_mr5_freq10,0.9178,0.9111,0.0067,136.0,0.3139,=,0.1571,0.1236,0.0335,95.5,0.0144,+
wine,demes_5_mr5_freq25,0.9074,0.9111,-0.0037,159.5,0.6836,=,0.1663,0.1236,0.0427,46.0,0.0002,+
wine,demes_5_mr5_freq5,0.9156,0.9111,0.0044,182.5,0.8756,=,0.1285,0.1236,0.0049,222.0,0.829,=
iris,demes_10_mr10_freq1,0.9544,0.9553,-0.0009,13.5,0.928,=,0.0307,0.0622,-0.0315,40.5,0.0001,-
iris,demes_10_mr10_freq10,0.9553,0.9553,0.0,13.5,0.932,=,0.0625,0.0622,0.0003,231.0,0.9754,=
iris,demes_10_mr10_freq25,0.9535,0.9553,-0.0018,14.0,0.5687,=,0.0786,0.0622,0.0164,108.0,0.0179,+
iris,demes_10_mr10_freq5,0.9535,0.9553,-0.0018,8.0,0.5887,=,0.0505,0.0622,-0.0117,140.0,0.0937,=
iris,demes_10_mr15_freq1,0.9526,0.9553,-0.0026,14.0,0.3075,=,0.0273,0.0622,-0.0349,35.5,0.0001,-
iris,demes_10_mr15_freq10,0.9526,0.9553,-0.0026,12.0,0.3944,=,0.0427,0.0622,-0.0195,100.0,0.0064,-
iris,demes_10_mr15_freq25,0.9526,0.9553,-0.0026,20.0,0.7622,=,0.0602,0.0622,-0.002,187.0,0.7155,=
iris,demes_10_mr15_freq5,0.9526,0.9553,-0.0026,2.0,0.1308,=,0.0375,0.0622,-0.0247,74.0,0.0011,-
iris,demes_10_mr2_freq1,0.9553,0.9553,0.0,4.0,0.7055,=,0.0595,0.0622,-0.0027,198.5,0.4843,=
iris,demes_10_mr2_freq10,0.957,0.9553,0.0018,12.0,0.3926,=,0.1002,0.0622,0.038,33.0,0.0,+
iris,demes_10_mr2_freq25,0.9553,0.9553,0.0,9.5,0.8316,=,0.1226,0.0622,0.0604,3.0,0.0,+
iris,demes_10_mr2_freq5,0.9526,0.9553,-0.0026,4.5,0.4142,=,0.0948,0.0622,0.0326,64.5,0.0005,+
iris,demes_10_mr5_freq1,0.9561,0.9553,0.0009,10.5,0.5461,=,0.054,0.0622,-0.0082,167.5,0.1812,=
iris,demes_10_mr5_freq10,0.9561,0.9553,0.0009,12.0,0.7316,=,0.0948,0.0622,0.0326,35.5,0.0001,+
iris,demes_10_mr5_freq25,0.95,0.9553,-0.0053,18.0,0.3233,=,0.1033,0.0622,0.0411,22.0,0.0,+
iris,demes_10_mr5_freq5,0.9544,0.9553,-0.0009,5.5,0.5862,=,0.0781,0.0622,0.0159,143.0,0.0656,=
iris,demes_15_mr10_freq1,0.9544,0.9553,-0.0009,15.5,0.4007,=,0.0406,0.0622,-0.0216,67.5,0.002,-
iris,demes_15_mr10_freq10,0.9553,0.9553,-0.0,18.0,1.0,=,0.0768,0.0622,0.0146,86.5,0.008,+
iris,demes_15_mr10_freq25,0.9518,0.9553,-0.0035,16.5,0.4689,=,0.0965,0.0622,0.0343,25.0,0.0,+
iris,demes_15_mr10_freq5,0.9561,0.9553,0.0009,22.0,0.9523,=,0.0665,0.0622,0.0043,212.0,0.6733,=
iris,demes_15_mr15_freq1,0.9579,0.9553,0.0026,4.5,0.4142,=,0.0312,0.0622,-0.031,42.0,0.0001,-
iris,demes_15_mr15_freq10,0.9544,0.9553,-0.0009,27.5,0.6178,=,0.0588,0.0622,-0.0034,206.0,0.5856,=
iris,demes_15_mr15_freq25,0.9535,0.9553,-0.0018,21.0,0.4902,=,0.0788,0.0622,0.0166,85.5,0.0043,+
iris,demes_15_mr15_freq5,0.9509,0.9553,-0.0044,10.0,0.1345,=,0.0489,0.0622,-0.0133,123.5,0.0421,-
iris,demes_15_mr2_freq1,0.9544,0.9553,-0.0009,36.0,0.5003,=,0.0713,0.0622,0.0091,186.5,0.344,=
iris,demes_15_mr2_freq10,0.9518,0.9553,-0.0035,18.0,0.3203,=,0.1077,0.0622,0.0455,36.0,0.0001,+
iris,demes_15_mr2_freq25,0.9526,0.9553,-0.0026,11.0,0.5987,=,0.1204,0.0622,0.0582,4.0,0.0,+
iris,demes_15_mr2_freq5,0.9518,0.9553,-0.0035,11.0,0.3216,=,0.0911,0.0622,0.0289,56.5,0.0003,+
iris,demes_15_mr5_freq1,0.9553,0.9553,0.0,17.0,0.8867,=,0.0513,0.0622,-0.0109,162.0,0.1469,=
iris,demes_15_mr5_freq10,0.9509,0.9553,-0.0044,1.5,0.1025,=,0.0925,0.0622,0.0303,40.0,0.0001,+
iris,demes_15_mr5_freq25,0.9535,0.9553,-0.0018,10.0,0.9153,=,0.1125,0.0622,0.0503,23.5,0.0,+
iris,demes_15_mr5_freq5,0.9535,0.9553,-0.0018,3.5,0.5807,=,0.0822,0.0622,0.02,97.0,0.0053,+
iris,demes_5_mr10_freq1,0.9509,0.9553,-0.0044,4.5,0.0553,=,0.0301,0.0622,-0.0321,60.0,0.0004,-
iris,demes_5_mr10_freq10,0.957,0.9553,0.0018,15.5,0.7193,=,0.0467,0.0622,-0.0155,98.0,0.0098,-
iris,demes_5_mr10_freq25,0.9544,0.9553,-0.0009,14.0,0.5716,=,0.0549,0.0622,-0.0073,160.0,0.2137,=
iris,demes_5_mr10_freq5,0.9544,0.9553,-0.0009,9.0,0.3885,=,0.036,0.0622,-0.0262,86.0,0.0026,-
iris,demes_5_mr15_freq1,0.9579,0.9553,0.0026,9.0,0.3912,=,0.0241,0.0622,-0.0381,27.5,0.0,-
iris,demes_5_mr15_freq10,0.9553,0.9553,0.0,16.5,0.8318,=,0.0291,0.0622,-0.0331,43.5,0.0001,-
iris,demes_5_mr15_freq25,0.9553,0.9553,0.0,10.0,0.4966,=,0.0443,0.0622,-0.0179,88.0,0.0029,-
iris,demes_5_mr15_freq5,0.9561,0.9553,0.0009,6.5,0.7825,=,0.0265,0.0622,-0.0357,19.5,0.0,-
iris,demes_5_mr2_freq1,0.9526,0.9553,-0.0026,9.0,0.1022,=,0.0499,0.0622,-0.0123,138.5,0.0875,=
iris,demes_5_mr2_freq10,0.9588,0.9553,0.0035,9.5,0.2287,=,0.0795,0.0622,0.0173,107.5,0.0101,+
iris,demes_5_mr2_freq25,0.9579,0.9553,0.0026,17.0,0.509,=,0.0903,0.0622,0.0281,61.5,0.0004,+
iris,demes_5_mr2_freq5,0.9561,0.9553,0.0009,13.5,0.9313,=,0.0655,0.0622,0.0033,174.0,0.2288,=
iris,demes_5_mr5_freq1,0.9544,0.9553,-0.0009,10.0,0.4903,=,0.0472,0.0622,-0.015,109.0,0.0189,-
iris,demes_5_mr5_freq10,0.9561,0.9553,0.0009,1.5,0.4142,=,0.0615,0.0622,-0.0007,189.0,0.7499,=
iris,demes_5_mr5_freq25,0.9553,0.9553,0.0,12.0,0.3938,=,0.0757,0.0622,0.0135,110.5,0.0207,+
iris,demes_5_mr5_freq5,0.9561,0.9553,0.0009,13.0,0.8643,=,0.0509,0.0622,-0.0113,160.0,0.1358,=
australian,demes_10_mr10_freq1,0.8581,0.8581,0.0,121.5,0.8698,=,0.0623,0.1117,-0.0495,123.5,0.0421,-
australian,demes_10_mr10_freq10,0.8562,0.8581,-0.0019,80.0,0.5442,=,0.0677,0.1117,-0.0441,143.5,0.0671,=
australian,demes_10_mr10_freq25,0.8545,0.8581,-0.0037,64.0,0.2089,=,0.0837,0.1117,-0.0281,192.5,0.5887,=
australian,demes_10_mr10_freq5,0.8558,0.8581,-0.0023,104.0,0.4598,=,0.0719,0.1117,-0.0399,152.5,0.0998,=
australian,demes_10_mr15_freq1,0.8554,0.8581,-0.0027,66.0,0.3923,=,0.0402,0.1117,-0.0715,79.0,0.0016,-
australian,demes_10_mr15_freq10,0.8578,0.8581,-0.0004,113.0,0.9302,=,0.0567,0.1117,-0.0551,117.5,0.018,-
australian,demes_10_mr15_freq25,0.8585,0.8581,0.0004,135.0,0.6654,=,0.0663,0.1117,-0.0455,133.0,0.0677,=
australian,demes_10_mr15_freq5,0.855,0.8581,-0.0031,61.5,0.1755,=,0.0485,0.1117,-0.0632,89.0,0.0055,-
australian,demes_10_mr2_freq1,0.8556,0.8581,-0.0025,95.5,0.4828,=,0.1256,0.1117,0.0139,132.5,0.066,=
australian,demes_10_mr2_freq10,0.8562,0.8581,-0.0019,122.0,0.8836,=,0.1067,0.1117,-0.0051,207.5,0.6071,=
australian,demes_10_mr2_freq25,0.8583,0.8581,0.0002,82.5,0.6135,=,0.1179,0.1117,0.0061,161.0,0.1414,=
australian,demes_10_mr2_freq5,0.8533,0.8581,-0.0048,59.5,0.1513,=,0.1127,0.1117,0.001,213.0,0.6884,=
australian,demes_10_mr5_freq1,0.8552,0.8581,-0.0029,73.5,0.2377,=,0.0889,0.1117,-0.0229,212.0,0.6733,=
australian,demes_10_mr5_freq10,0.8562,0.8581,-0.0019,51.5,0.629,=,0.0919,0.1117,-0.0199,224.5,0.8693,=
australian,demes_10_mr5_freq25,0.8558,0.8581,-0.0023,103.0,0.4403,=,0.1059,0.1117,-0.0059,198.5,0.6812,=
australian,demes_10_mr5_freq5,0.8556,0.8581,-0.0025,110.5,0.598,=,0.1257,0.1117,0.0139,166.0,0.3995,=
australian,demes_15_mr10_freq1,0.8562,0.8581,-0.0019,112.5,0.6456,=,0.0947,0.1117,-0.0171,189.0,0.5377,=
australian,demes_15_mr10_freq10,0.8535,0.8581,-0.0047,82.0,0.1466,=,0.0569,0.1117,-0.0548,117.0,0.0175,-
australian,demes_15_mr10_freq25,0.8552,0.8581,-0.0029,98.5,0.5536,=,0.0995,0.1117,-0.0122,218.5,0.7734,=
australian,demes_15_mr10_freq5,0.8535,0.8581,-0.0047,80.0,0.2155,=,0.0717,0.1117,-0.04,145.5,0.0734,=
australian,demes_15_mr15_freq1,0.8552,0.8581,-0.0029,105.5,0.3211,=,0.0483,0.1117,-0.0635,81.5,0.0033,-
australian,demes_15_mr15_freq10,0.8543,0.8581,-0.0039,52.0,0.1416,=,0.0549,0.1117,-0.0569,92.0,0.0066,-
australian,demes_15_mr15_freq25,0.8554,0.8581,-0.0027,96.0,0.3126,=,0.0782,0.1117,-0.0335,183.0,0.3184,=
australian,demes_15_mr15_freq5,0.8576,0.8581,-0.0006,147.0,0.9311,=,0.0576,0.1117,-0.0541,110.5,0.0121,-
australian,demes_15_mr2_freq1,0.8568,0.8581,-0.0014,131.5,0.8417,=,0.111,0.1117,-0.0007,199.0,0.4908,=
australian,demes_15_mr2_freq10,0.856,0.8581,-0.0021,132.5,0.6156,=,0.1038,0.1117,-0.0079,217.0,0.7499,=
australian,demes_15_mr2_freq25,0.8533,0.8581,-0.0048,62.5,0.1097,=,0.1222,0.1117,0.0105,168.0,0.1846,=
australian,demes_15_mr2_freq5,0.8564,0.8581,-0.0017,108.5,0.8053,=,0.0957,0.1117,-0.016,184.5,0.3234,=
australian,demes_15_mr5_freq1,0.8564,0.8581,-0.0017,71.5,0.341,=,0.0837,0.1117,-0.0281,178.0,0.2623,=
australian,demes_15_mr5_freq10,0.8517,0.8581,-0.0064,80.0,0.0447,-,0.0894,0.1117,-0.0223,222.0,0.829,=
australian,demes_15_mr5_freq25,0.8519,0.8581,-0.0062,50.5,0.0697,=,0.103,0.1117,-0.0087,216.0,0.7343,=
australian,demes_15_mr5_freq5,0.856,0.8581,-0.0021,79.5,0.3396,=,0.0865,0.1117,-0.0252,174.0,0.2367,=
australian,demes_5_mr10_freq1,0.8527,0.8581,-0.0054,49.0,0.0195,-,0.039,0.1117,-0.0727,74.5,0.0012,-
australian,demes_5_mr10_freq10,0.8556,0.8581,-0.0025,94.0,0.4537,=,0.0782,0.1117,-0.0335,168.5,0.2893,=
australian,demes_5_mr10_freq25,0.8562,0.8581,-0.0019,61.0,0.4612,=,0.0655,0.1117,-0.0463,100.5,0.0114,-
australian,demes_5_mr10_freq5,0.8579,0.8581,-0.0002,121.0,0.8579,=,0.0803,0.1117,-0.0315,145.0,0.2904,=
australian,demes_5_mr15_freq1,0.855,0.8581,-0.0031,91.5,0.4029,=,0.0431,0.1117,-0.0686,61.0,0.0004,-
australian,demes_5_mr15_freq10,0.8595,0.8581,0.0014,66.5,0.4071,=,0.0517,0.1117,-0.0601,92.0,0.0067,-
australian,demes_5_mr15_freq25,0.856,0.8581,-0.0021,68.5,0.7039,=,0.0475,0.1117,-0.0643,66.0,0.0011,-
australian,demes_5_mr15_freq5,0.8545,0.8581,-0.0037,71.0,0.2018,=,0.047,0.1117,-0.0647,94.0,0.0035,-
australian,demes_5_mr2_freq1,0.8552,0.8581,-0.0029,74.5,0.2473,=,0.0732,0.1117,-0.0385,154.5,0.173,=
australian,demes_5_mr2_freq10,0.8601,0.8581,0.0019,115.0,0.4821,=,0.1026,0.1117,-0.0091,215.0,0.9569,=
australian,demes_5_mr2_freq25,0.8585,0.8581,0.0004,76.5,0.6928,=,0.0951,0.1117,-0.0167,214.0,0.7035,=
australian,demes_5_mr2_freq5,0.8587,0.8581,0.0006,140.0,0.7734,=,0.0883,0.1117,-0.0235,198.0,0.6733,=
australian,demes_5_mr5_freq1,0.855,0.8581,-0.0031,129.5,0.3705,=,0.0789,0.1117,-0.0328,144.0,0.0687,=
australian,demes_5_mr5_freq10,0.857,0.8581,-0.0012,88.0,0.7768,=,0.0845,0.1117,-0.0273,198.0,0.4898,=
australian,demes_5_mr5_freq25,0.8579,0.8581,-0.0002,112.5,0.9165,=,0.0823,0.1117,-0.0295,162.5,0.1499,=
australian,demes_5_mr5_freq5,0.857,0.8581,-0.0012,107.0,0.7642,=,0.0871,0.1117,-0.0246,167.5,0.2796,=
pima,demes_10_mr10_freq1,0.7552,0.7542,0.001,137.5,0.9878,=,0.2245,0.3083,-0.0838,101.0,0.0058,-
pima,demes_10_mr10_freq10,0.754,0.7542,-0.0002,115.5,0.7199,=,0.2472,0.3083,-0.0611,110.0,0.0117,-
pima,demes_10_mr10_freq25,0.7517,0.7542,-0.0024,147.0,0.3105,=,0.2239,0.3083,-0.0845,60.0,0.0007,-
pima,demes_10_mr10_freq5,0.7563,0.7542,0.0021,146.5,0.4597,=,0.2725,0.3083,-0.0359,155.5,0.1132,=
pima,demes_10_mr15_freq1,0.7533,0.7542,-0.0009,156.5,0.6285,=,0.1835,0.3083,-0.1249,24.0,0.0,-
pima,demes_10_mr15_freq10,0.751,0.7542,-0.0031,147.0,0.312,=,0.2187,0.3083,-0.0896,64.0,0.0005,-
pima,demes_10_mr15_freq25,0.7526,0.7542,-0.0016,188.5,0.7399,=,0.1873,0.3083,-0.1211,26.0,0.0,-
pima,demes_10_mr15_freq5,0.7533,0.7542,-0.0009,160.5,0.7024,=,0.2145,0.3083,-0.0938,69.0,0.0004,-
pima,demes_10_mr2_freq1,0.7521,0.7542,-0.0021,142.0,0.5803,=,0.3247,0.3083,0.0164,203.0,0.544,=
pima,demes_10_mr2_freq10,0.7533,0.7542,-0.0009,160.5,0.7023,=,0.3323,0.3083,0.0239,183.0,0.3086,=
pima,demes_10_mr2_freq25,0.7564,0.7542,0.0023,109.0,0.3756,=,0.29,0.3083,-0.0183,193.5,0.4224,=
pima,demes_10_mr2_freq5,0.7521,0.7542,-0.0021,142.5,0.5896,=,0.3588,0.3083,0.0505,152.0,0.0978,=
pima,demes_10_mr5_freq1,0.7536,0.7542,-0.0005,152.0,0.7764,=,0.2736,0.3083,-0.0347,167.0,0.2748,=
pima,demes_10_mr5_freq10,0.7575,0.7542,0.0033,161.0,0.5,=,0.3424,0.3083,0.0341,171.0,0.2058,=
pima,demes_10_mr5_freq25,0.7547,0.7542,0.0005,168.0,0.8482,=,0.2748,0.3083,-0.0335,158.0,0.1254,=
pima,demes_10_mr5_freq5,0.7547,0.7542,0.0005,146.5,0.9201,=,0.3481,0.3083,0.0398,161.5,0.1442,=
pima,demes_15_mr10_freq1,0.7566,0.7542,0.0024,116.0,0.2089,=,0.2293,0.3083,-0.0791,108.0,0.0093,-
pima,demes_15_mr10_freq10,0.7502,0.7542,-0.004,152.0,0.2445,=,0.2758,0.3083,-0.0325,166.5,0.1746,=
pima,demes_15_mr10_freq25,0.7526,0.7542,-0.0016,182.0,0.6316,=,0.2521,0.3083,-0.0563,103.0,0.0077,-
pima,demes_15_mr10_freq5,0.7523,0.7542,-0.0019,159.5,0.6833,=,0.2882,0.3083,-0.0201,198.5,0.4843,=
pima,demes_15_mr15_freq1,0.7557,0.7542,0.0016,162.0,0.7311,=,0.2122,0.3083,-0.0961,84.0,0.0016,-
pima,demes_15_mr15_freq10,0.7497,0.7542,-0.0045,166.5,0.2687,=,0.2261,0.3083,-0.0822,81.5,0.0019,-
pima,demes_15_mr15_freq25,0.7486,0.7542,-0.0056,122.5,0.1093,=,0.2008,0.3083,-0.1075,34.0,0.0,-
pima,demes_15_mr15_freq5,0.7521,0.7542,-0.0021,98.5,0.5522,=,0.2232,0.3083,-0.0851,69.0,0.0008,-
pima,demes_15_mr2_freq1,0.7575,0.7542,0.0033,123.5,0.6583,=,0.3196,0.3083,0.0113,210.0,0.6554,=
pima,demes_15_mr2_freq10,0.7519,0.7542,-0.0023,145.5,0.4445,=,0.3321,0.3083,0.0238,179.0,0.2711,=
pima,demes_15_mr2_freq25,0.7524,0.7542,-0.0017,173.5,0.3401,=,0.3044,0.3083,-0.0039,221.5,0.821,=
pima,demes_15_mr2_freq5,0.7542,0.7542,0.0,187.5,0.9712,=,0.3549,0.3083,0.0465,151.0,0.0961,=
pima,demes_15_mr5_freq1,0.7523,0.7542,-0.0019,145.5,0.445,=,0.2607,0.3083,-0.0477,130.0,0.0345,-
pima,demes_15_mr5_freq10,0.7523,0.7542,-0.0019,98.5,0.2271,=,0.2947,0.3083,-0.0136,190.5,0.5593,=
pima,demes_15_mr5_freq25,0.749,0.7542,-0.0052,114.5,0.0723,=,0.2728,0.3083,-0.0355,158.5,0.128,=
pima,demes_15_mr5_freq5,0.7514,0.7542,-0.0028,161.0,0.3378,=,0.3084,0.3083,0.0001,232.0,0.9918,=
pima,demes_5_mr10_freq1,0.7524,0.7542,-0.0017,92.0,0.2619,=,0.1862,0.3083,-0.1221,62.0,0.0005,-
pima,demes_5_mr10_freq10,0.7538,0.7542,-0.0003,186.5,0.9519,=,0.2892,0.3083,-0.0191,199.0,0.4908,=
pima,demes_5_mr10_freq25,0.7554,0.7542,0.0012,163.0,0.7499,=,0.2392,0.3083,-0.0691,97.0,0.0053,-
pima,demes_5_mr10_freq5,0.7559,0.7542,0.0017,132.0,0.6054,=,0.2716,0.3083,-0.0367,158.0,0.1982,=
pima,demes_5_mr15_freq1,0.7535,0.7542,-0.0007,142.5,0.8298,=,0.1424,0.3083,-0.1659,12.0,0.0,-
pima,demes_5_mr15_freq10,0.758,0.7542,0.0038,95.5,0.3114,=,0.2265,0.3083,-0.0819,95.0,0.0047,-
pima,demes_5_mr15_freq25,0.7571,0.7542,0.003,135.0,0.3012,=,0.195,0.3083,-0.1133,60.0,0.0007,-
pima,demes_5_mr15_freq5,0.7528,0.7542,-0.0014,123.5,0.4473,=,0.2025,0.3083,-0.1059,64.0,0.0015,-
pima,demes_5_mr2_freq1,0.7559,0.7542,0.0017,181.5,0.8566,=,0.2664,0.3083,-0.0419,157.0,0.1241,=
pima,demes_5_mr2_freq10,0.7569,0.7542,0.0028,147.0,0.3093,=,0.3311,0.3083,0.0227,193.5,0.4224,=
pima,demes_5_mr2_freq25,0.7573,0.7542,0.0031,180.5,0.6075,=,0.3211,0.3083,0.0128,214.0,0.7035,=
pima,demes_5_mr2_freq5,0.7549,0.7542,0.0007,183.5,0.8946,=,0.3715,0.3083,0.0631,119.0,0.0196,+
pima,demes_5_mr5_freq1,0.7519,0.7542,-0.0023,147.0,0.4671,=,0.2463,0.3083,-0.0621,127.0,0.03,-
pima,demes_5_mr5_freq10,0.7566,0.7542,0.0024,168.0,0.6129,=,0.3393,0.3083,0.031,179.0,0.2801,=
pima,demes_5_mr5_freq25,0.7543,0.7542,0.0002,172.0,0.9288,=,0.2867,0.3083,-0.0216,187.5,0.3546,=
pima,demes_5_mr5_freq5,0.7543,0.7542,0.0002,160.0,0.946,=,0.2762,0.3083,-0.0321,194.0,0.4284,=
heartDisease,demes_10_mr10_freq1,0.82,0.8182,0.0018,164.5,0.7786,=,0.1585,0.2192,-0.0607,87.0,0.0028,-
heartDisease,demes_10_mr10_freq10,0.8031,0.8182,-0.0151,112.0,0.063,=,0.2415,0.2192,0.0223,170.0,0.1986,=
heartDisease,demes_10_mr10_freq25,0.8067,0.8182,-0.0116,93.5,0.0364,-,0.2471,0.2192,0.0279,156.5,0.118,=
heartDisease,demes_10_mr10_freq5,0.8138,0.8182,-0.0044,106.0,0.3283,=,0.2235,0.2192,0.0043,221.0,0.813,=
heartDisease,demes_10_mr15_freq1,0.816,0.8182,-0.0022,152.0,0.7761,=,0.1323,0.2192,-0.0869,45.5,0.0001,-
heartDisease,demes_10_mr15_freq10,0.8129,0.8182,-0.0053,149.0,0.3346,=,0.2067,0.2192,-0.0125,204.0,0.7703,=
heartDisease,demes_10_mr15_freq25,0.8027,0.8182,-0.0156,64.5,0.0438,-,0.1977,0.2192,-0.0215,180.0,0.2802,=
heartDisease,demes_10_mr15_freq5,0.8089,0.8182,-0.0093,114.0,0.1114,=,0.193,0.2192,-0.0262,164.5,0.2517,=
heartDisease,demes_10_mr2_freq1,0.8178,0.8182,-0.0004,137.0,0.7093,=,0.2385,0.2192,0.0193,195.0,0.4405,=
heartDisease,demes_10_mr2_freq10,0.8116,0.8182,-0.0067,119.0,0.3749,=,0.3197,0.2192,0.1005,31.5,0.0,+
heartDisease,demes_10_mr2_freq25,0.8058,0.8182,-0.0124,109.0,0.1491,=,0.3092,0.2192,0.09,54.5,0.0003,+
heartDisease,demes_10_mr2_freq5,0.8107,0.8182,-0.0076,122.0,0.4228,=,0.3208,0.2192,0.1016,41.5,0.0001,+
heartDisease,demes_10_mr5_freq1,0.8213,0.8182,0.0031,136.0,0.6883,=,0.2007,0.2192,-0.0185,192.5,0.4106,=
heartDisease,demes_10_mr5_freq10,0.8084,0.8182,-0.0098,98.5,0.1391,=,0.2867,0.2192,0.0675,88.5,0.0031,+
heartDisease,demes_10_mr5_freq25,0.796,0.8182,-0.0222,45.0,0.0005,-,0.2854,0.2192,0.0662,94.0,0.0044,+
heartDisease,demes_10_mr5_freq5,0.82,0.8182,0.0018,163.5,0.76,=,0.2873,0.2192,0.0681,83.0,0.0015,+
heartDisease,demes_15_mr10_freq1,0.8164,0.8182,-0.0018,184.5,0.9136,=,0.1958,0.2192,-0.0234,167.5,0.1812,=
heartDisease,demes_15_mr10_freq10,0.8009,0.8182,-0.0173,87.5,0.0734,=,0.2787,0.2192,0.0595,91.0,0.0028,+
heartDisease,demes_15_mr10_freq25,0.7902,0.8182,-0.028,79.0,0.0047,-,0.2545,0.2192,0.0353,112.5,0.0136,+
heartDisease,demes_15_mr10_freq5,0.8107,0.8182,-0.0076,92.5,0.4234,=,0.2739,0.2192,0.0547,112.0,0.012,+
heartDisease,demes_15_mr15_freq1,0.8084,0.8182,-0.0098,146.5,0.3059,=,0.1329,0.2192,-0.0863,55.0,0.0003,-
heartDisease,demes_15_mr15_freq10,0.8084,0.8182,-0.0098,154.0,0.2629,=,0.2159,0.2192,-0.0033,230.0,0.959,=
heartDisease,demes_15_mr15_freq25,0.7867,0.8182,-0.0316,74.0,0.0056,-,0.2127,0.2192,-0.0065,227.5,0.9181,=
heartDisease,demes_15_mr15_freq5,0.8111,0.8182,-0.0071,116.0,0.3299,=,0.2086,0.2192,-0.0106,205.0,0.5838,=
heartDisease,demes_15_mr2_freq1,0.824,0.8182,0.0058,119.5,0.3817,=,0.2337,0.2192,0.0145,194.5,0.6189,=
heartDisease,demes_15_mr2_freq10,0.8089,0.8182,-0.0093,103.5,0.1828,=,0.3214,0.2192,0.1022,26.0,0.0,+
heartDisease,demes_15_mr2_freq25,0.7991,0.8182,-0.0191,112.0,0.064,=,0.3112,0.2192,0.092,21.0,0.0,+
heartDisease,demes_15_mr2_freq5,0.8173,0.8182,-0.0009,189.0,1.0,=,0.2967,0.2192,0.0775,57.5,0.0003,+
heartDisease,demes_15_mr5_freq1,0.8222,0.8182,0.004,148.5,0.4903,=,0.2047,0.2192,-0.0145,195.0,0.4405,=
heartDisease,demes_15_mr5_freq10,0.8102,0.8182,-0.008,125.5,0.3178,=,0.2908,0.2192,0.0716,68.5,0.0007,+
heartDisease,demes_15_mr5_freq25,0.7973,0.8182,-0.0209,75.5,0.0109,-,0.2765,0.2192,0.0573,70.0,0.0008,+
heartDisease,demes_15_mr5_freq5,0.8253,0.8182,0.0071,127.5,0.3449,=,0.2865,0.2192,0.0673,74.0,0.0007,+
heartDisease,demes_5_mr10_freq1,0.8209,0.8182,0.0027,160.5,0.7026,=,0.1633,0.2192,-0.0559,117.5,0.0306,-
heartDisease,demes_5_mr10_freq10,0.8129,0.8182,-0.0053,118.0,0.5413,=,0.211,0.2192,-0.0082,228.0,0.9263,=
heartDisease,demes_5_mr10_freq25,0.812,0.8182,-0.0062,158.0,0.3026,=,0.2217,0.2192,0.0025,198.0,0.4779,=
heartDisease,demes_5_mr10_freq5,0.8227,0.8182,0.0044,136.0,0.3122,=,0.2124,0.2192,-0.0068,215.5,0.7266,=
heartDisease,demes_5_mr15_freq1,0.8249,0.8182,0.0067,109.5,0.3846,=,0.1173,0.2192,-0.1019,15.0,0.0,-
heartDisease,demes_5_mr15_freq10,0.824,0.8182,0.0058,144.0,0.4226,=,0.1891,0.2192,-0.0301,168.5,0.188,=
heartDisease,demes_5_mr15_freq25,0.8076,0.8182,-0.0107,121.5,0.1693,=,0.1762,0.2192,-0.043,131.0,0.0368,-
heartDisease,demes_5_mr15_freq5,0.8236,0.8182,0.0053,154.5,0.4054,=,0.161,0.2192,-0.0582,98.5,0.0058,-
heartDisease,demes_5_mr2_freq1,0.8227,0.8182,0.0044,135.5,0.4659,=,0.2259,0.2192,0.0067,219.5,0.7892,=
heartDisease,demes_5_mr2_freq10,0.8169,0.8182,-0.0013,125.5,0.7031,=,0.277,0.2192,0.0578,100.0,0.0054,+
heartDisease,demes_5_mr2_freq25,0.8102,0.8182,-0.008,154.0,0.2628,=,0.2802,0.2192,0.061,73.5,0.0011,+
heartDisease,demes_5_mr2_freq5,0.8204,0.8182,0.0022,169.5,0.6373,=,0.2647,0.2192,0.0455,143.0,0.1072,=
heartDisease,demes_5_mr5_freq1,0.8204,0.8182,0.0022,155.5,0.6106,=,0.2091,0.2192,-0.0101,227.0,0.9193,=
heartDisease,demes_5_mr5_freq10,0.8084,0.8182,-0.0098,112.0,0.1719,=,0.2576,0.2192,0.0384,142.0,0.0627,=
heartDisease,demes_5_mr5_freq25,0.8178,0.8182,-0.0004,185.5,0.9327,=,0.2517,0.2192,0.0325,132.0,0.0645,=
heartDisease,demes_5_mr5_freq5,0.8031,0.8182,-0.0151,113.0,0.0673,=,0.2371,0.2192,0.0179,185.0,0.4822,=
